scene_id,condition,strategy,run_number,model,raw_node_precision,raw_node_recall,raw_node_f1,raw_edge_precision,raw_edge_recall,raw_edge_f1,final_node_precision,final_node_recall,final_node_f1,final_edge_precision,final_edge_recall,final_edge_f1,gold_node_count,gold_edge_count,raw_node_count,raw_edge_count,final_node_count,final_edge_count,ontology_conformance,relation_hallucination_rate,subject_hallucinations,object_hallucinations,evidence_hallucinations,schema_invalid_relations,runtime_seconds,execution_error,llm_extracted_edges,fallback_edges
indego_user_16_414_2101_1_s2,raw,one_shot,1,llama3.1:8b,0.2273,0.1724,0.1961,0.0,0.0,0.0,0.2273,0.1724,0.1961,0.0,0.0,0.0,29,30,22,3,22,26,1.0,0.0,0,13,12,0,52.3225,,3,36
indego_user_16_414_2101_1_s2,raw,one_shot,2,llama3.1:8b,0.2273,0.1724,0.1961,0.0,0.0,0.0,0.2273,0.1724,0.1961,0.0,0.0,0.0,29,30,22,3,22,26,1.0,0.0,0,13,12,0,67.9916,,3,36
indego_user_14_1410_2110_2_s2,raw,one_shot,1,llama3.1:8b,0.0,0.0,0.0,0.0,0.0,0.0,0.0,0.0,0.0,0.0,0.0,0.0,21,23,0,0,0,0,1.0,0.0,0,0,0,0,180.0235,SubprocessTimeoutError: Isolated experiment call exceeded 180.0 seconds.,0,0
indego_user_14_1410_2110_2_s2,raw,one_shot,2,llama3.1:8b,0.0,0.0,0.0,0.0,0.0,0.0,0.0,0.0,0.0,0.0,0.0,0.0,21,23,0,0,0,0,1.0,0.0,0,0,0,0,181.1175,SubprocessTimeoutError: Isolated experiment call exceeded 180.0 seconds.,0,0
indego_user_14_user_17_411_2810_table_assembly_s1,raw,one_shot,1,llama3.1:8b,0.2857,0.25,0.2667,0.0,0.0,0.0,0.2857,0.25,0.2667,0.0,0.0,0.0,8,6,7,2,7,6,1.0,0.0,0,3,2,0,61.9264,,2,7
indego_user_14_user_17_411_2810_table_assembly_s1,raw,one_shot,2,llama3.1:8b,0.2857,0.25,0.2667,0.0,0.0,0.0,0.2857,0.25,0.2667,0.0,0.0,0.0,8,6,7,2,7,6,1.0,0.0,0,3,2,0,52.2896,,2,7
indego_user_15_user_17_410_2210_2_s1,raw,one_shot,1,llama3.1:8b,0.5,0.25,0.3333,0.0,0.0,0.0,0.5,0.25,0.3333,0.0,0.0,0.0,8,9,4,2,4,3,1.0,0.0,0,2,1,0,29.4813,,2,3
indego_user_15_user_17_410_2210_2_s1,raw,one_shot,2,llama3.1:8b,0.5,0.25,0.3333,0.0,0.0,0.0,0.5,0.25,0.3333,0.0,0.0,0.0,8,9,4,2,4,3,1.0,0.0,0,2,1,0,27.6783,,2,3
indego_user_16_410_2110_2_s2,raw,one_shot,1,llama3.1:8b,0.1852,0.1471,0.1639,0.0,0.0,0.0,0.1852,0.1471,0.1639,0.0,0.0,0.0,34,41,27,10,27,22,1.0,0.0,0,13,2,0,145.9217,,10,25
indego_user_16_410_2110_2_s2,raw,one_shot,2,llama3.1:8b,0.1852,0.1471,0.1639,0.0,0.0,0.0,0.1852,0.1471,0.1639,0.0,0.0,0.0,34,41,27,10,27,22,1.0,0.0,0,13,2,0,142.3441,,10,25
indego_user_14_user_2_407_2210_1_s1,raw,one_shot,1,llama3.1:8b,0.125,0.125,0.125,0.0,0.0,0.0,0.125,0.125,0.125,0.0,0.0,0.0,8,8,8,3,8,8,1.0,0.0,0,3,2,0,55.9675,,3,8
indego_user_14_user_2_407_2210_1_s1,raw,one_shot,2,llama3.1:8b,0.125,0.125,0.125,0.0,0.0,0.0,0.125,0.125,0.125,0.0,0.0,0.0,8,8,8,3,8,8,1.0,0.0,0,3,2,0,55.194,,3,8
indego_user_16_414_2101_1_s1,raw,one_shot,1,llama3.1:8b,0.5,0.7,0.5833,0.0,0.0,0.0,0.5,0.7,0.5833,0.1765,0.3333,0.2308,10,9,14,4,14,17,1.0,0.0,0,8,7,0,60.2803,,4,21
indego_user_16_414_2101_1_s1,raw,one_shot,2,llama3.1:8b,0.5,0.7,0.5833,0.0,0.0,0.0,0.5,0.7,0.5833,0.1765,0.3333,0.2308,10,9,14,4,14,17,1.0,0.0,0,8,7,0,59.0085,,4,21
indego_user_15_451_2401_1_s4,raw,one_shot,1,llama3.1:8b,0.0,0.0,0.0,0.0,0.0,0.0,0.0,0.0,0.0,0.0,0.0,0.0,43,51,0,0,0,0,1.0,0.0,0,0,0,0,181.1244,SubprocessTimeoutError: Isolated experiment call exceeded 180.0 seconds.,0,0
indego_user_15_451_2401_1_s4,raw,one_shot,2,llama3.1:8b,0.0,0.0,0.0,0.0,0.0,0.0,0.0,0.0,0.0,0.0,0.0,0.0,43,51,0,0,0,0,1.0,0.0,0,0,0,0,181.0995,SubprocessTimeoutError: Isolated experiment call exceeded 180.0 seconds.,0,0
indego_user_15_414_0702_1_s1,raw,one_shot,1,llama3.1:8b,0.0,0.0,0.0,0.0,0.0,0.0,0.0,0.0,0.0,0.0,0.0,0.0,24,32,0,0,0,0,1.0,0.0,0,0,0,0,181.1045,SubprocessTimeoutError: Isolated experiment call exceeded 180.0 seconds.,0,0
indego_user_15_414_0702_1_s1,raw,one_shot,2,llama3.1:8b,0.0,0.0,0.0,0.0,0.0,0.0,0.0,0.0,0.0,0.0,0.0,0.0,24,32,0,0,0,0,1.0,0.0,0,0,0,0,181.1103,SubprocessTimeoutError: Isolated experiment call exceeded 180.0 seconds.,0,0
indego_user_14_414_2609_1_s1,raw,one_shot,1,llama3.1:8b,0.125,0.069,0.0889,0.0,0.0,0.0,0.125,0.069,0.0889,0.0,0.0,0.0,29,38,16,5,16,21,1.0,0.0,0,9,8,0,116.8284,,5,25
indego_user_14_414_2609_1_s1,raw,one_shot,2,llama3.1:8b,0.125,0.069,0.0889,0.0,0.0,0.0,0.125,0.069,0.0889,0.0,0.0,0.0,29,38,16,5,16,21,1.0,0.0,0,9,8,0,112.0384,,5,25
indego_user_15_user_1_0111_1_s1,raw,one_shot,1,llama3.1:8b,0.1333,0.069,0.0909,0.0,0.0,0.0,0.1333,0.069,0.0909,0.0,0.0,0.0,29,41,15,1,15,14,1.0,0.0,0,8,7,0,110.1019,,1,21
indego_user_15_user_1_0111_1_s1,raw,one_shot,2,llama3.1:8b,0.1333,0.069,0.0909,0.0,0.0,0.0,0.1333,0.069,0.0909,0.0,0.0,0.0,29,41,15,1,15,14,1.0,0.0,0,8,7,0,107.2243,,1,21
indego_user_16_user_2_0111_1_s1,raw,one_shot,1,llama3.1:8b,0.12,0.1071,0.1132,0.0,0.0,0.0,0.12,0.1071,0.1132,0.0,0.0,0.0,28,36,25,3,25,32,1.0,0.0,0,17,16,0,136.8002,,3,46
indego_user_16_user_2_0111_1_s1,raw,one_shot,2,llama3.1:8b,0.12,0.1071,0.1132,0.0,0.0,0.0,0.12,0.1071,0.1132,0.0,0.0,0.0,28,36,25,3,25,32,1.0,0.0,0,17,16,0,134.903,,3,46
indego_7020e12d-d5a2-4f01-beab-94f38d887eca_s2,raw,one_shot,1,llama3.1:8b,0.25,0.6667,0.3636,0.0,0.0,0.0,0.25,0.6667,0.3636,0.25,0.5,0.3333,3,2,8,2,8,4,1.0,0.0,0,0,1,0,77.4931,,2,4
indego_7020e12d-d5a2-4f01-beab-94f38d887eca_s2,raw,one_shot,2,llama3.1:8b,0.25,0.6667,0.3636,0.0,0.0,0.0,0.25,0.6667,0.3636,0.25,0.5,0.3333,3,2,8,2,8,4,1.0,0.0,0,0,1,0,65.7382,,2,4
indego_user_15_411_2309_2_1_s1,raw,one_shot,1,llama3.1:8b,0.1818,0.125,0.1481,0.0,0.0,0.0,0.1818,0.125,0.1481,0.0,0.0,0.0,16,24,11,3,11,10,1.0,0.0,0,4,3,0,90.1072,,3,11
indego_user_15_411_2309_2_1_s1,raw,one_shot,2,llama3.1:8b,0.1818,0.125,0.1481,0.0,0.0,0.0,0.1818,0.125,0.1481,0.0,0.0,0.0,16,24,11,3,11,10,1.0,0.0,0,4,3,0,72.9212,,3,11
indego_user_14_user_1_1410_2_s1,raw,one_shot,1,llama3.1:8b,0.0,0.0,0.0,0.0,0.0,0.0,0.0,0.0,0.0,0.0,0.0,0.0,22,25,22,1,22,20,1.0,0.0,0,16,15,0,135.1716,,1,35
indego_user_14_user_1_1410_2_s1,raw,one_shot,2,llama3.1:8b,0.0,0.0,0.0,0.0,0.0,0.0,0.0,0.0,0.0,0.0,0.0,0.0,22,25,22,1,22,20,1.0,0.0,0,16,15,0,118.8725,,1,35
indego_user_14_user_15_2410_1_s1,raw,one_shot,1,llama3.1:8b,0.1818,0.1111,0.1379,0.0,0.0,0.0,0.1818,0.1111,0.1379,0.0,0.0,0.0,18,19,11,5,11,12,1.0,0.0,0,7,0,0,113.0917,,5,11
indego_user_14_user_15_2410_1_s1,raw,one_shot,2,llama3.1:8b,0.1818,0.1111,0.1379,0.0,0.0,0.0,0.1818,0.1111,0.1379,0.0,0.0,0.0,18,19,11,5,11,12,1.0,0.0,0,7,0,0,92.2066,,5,11
indego_232cf338-98a7-4cdc-8683-417c0e2adf7a_s1,raw,one_shot,1,llama3.1:8b,0.2,0.1053,0.1379,0.0,0.0,0.0,0.2,0.1053,0.1379,0.0,0.0,0.0,19,21,10,0,10,10,1.0,0.0,0,0,4,0,45.2762,,0,15
indego_232cf338-98a7-4cdc-8683-417c0e2adf7a_s1,raw,one_shot,2,llama3.1:8b,0.2,0.1053,0.1379,0.0,0.0,0.0,0.2,0.1053,0.1379,0.0,0.0,0.0,19,21,10,0,10,10,1.0,0.0,0,0,4,0,39.8167,,0,15
indego_user_15_411_2309_2_s1,raw,one_shot,1,llama3.1:8b,0.1667,0.1053,0.129,0.0,0.0,0.0,0.1667,0.1053,0.129,0.0,0.0,0.0,19,26,12,5,12,16,1.0,0.0,0,6,5,0,86.999,,5,17
indego_user_15_411_2309_2_s1,raw,one_shot,2,llama3.1:8b,0.1667,0.1053,0.129,0.0,0.0,0.0,0.1667,0.1053,0.129,0.0,0.0,0.0,19,26,12,5,12,16,1.0,0.0,0,6,5,0,81.0262,,5,17
indego_user_15_412_2509_1_s1,raw,one_shot,1,llama3.1:8b,0.1111,0.0625,0.08,0.0,0.0,0.0,0.1111,0.0625,0.08,0.0,0.0,0.0,32,42,18,3,18,21,1.0,0.0,0,10,9,0,113.184,,3,28
indego_user_15_412_2509_1_s1,raw,one_shot,2,llama3.1:8b,0.1111,0.0625,0.08,0.0,0.0,0.0,0.1111,0.0625,0.08,0.0,0.0,0.0,32,42,18,3,18,21,1.0,0.0,0,10,9,0,66.2051,,3,28
indego_user_14_user_16_407_1712_1_s1,raw,one_shot,1,llama3.1:8b,0.6154,0.6154,0.6154,0.0,0.0,0.0,0.6154,0.6154,0.6154,0.3125,0.3846,0.3448,13,13,13,5,13,16,1.0,0.0,0,7,6,0,59.7264,,5,18
indego_user_14_user_16_407_1712_1_s1,raw,one_shot,2,llama3.1:8b,0.6154,0.6154,0.6154,0.0,0.0,0.0,0.6154,0.6154,0.6154,0.3125,0.3846,0.3448,13,13,13,5,13,16,1.0,0.0,0,7,6,0,52.9103,,5,18
indego_user_14_407_0110_1_s1,raw,one_shot,1,llama3.1:8b,0.1111,0.0345,0.0526,0.0,0.0,0.0,0.1111,0.0345,0.0526,0.0,0.0,0.0,29,41,9,2,9,6,1.0,0.0,0,4,3,0,55.1556,,2,8
indego_user_14_407_0110_1_s1,raw,one_shot,2,llama3.1:8b,0.1111,0.0345,0.0526,0.0,0.0,0.0,0.1111,0.0345,0.0526,0.0,0.0,0.0,29,41,9,2,9,6,1.0,0.0,0,4,3,0,59.6259,,2,8
indego_user_15_412_0110_1_s1,raw,one_shot,1,llama3.1:8b,0.25,0.0976,0.1404,0.0,0.0,0.0,0.25,0.0976,0.1404,0.0,0.0,0.0,41,54,16,6,16,23,1.0,0.0,0,11,10,0,151.8346,,6,28
indego_user_15_412_0110_1_s1,raw,one_shot,2,llama3.1:8b,0.25,0.0976,0.1404,0.0,0.0,0.0,0.25,0.0976,0.1404,0.0,0.0,0.0,41,54,16,6,16,23,1.0,0.0,0,11,10,0,118.4468,,6,28
indego_user_14_user_15_411_1010_1_s1,raw,one_shot,1,llama3.1:8b,0.1667,0.04,0.0645,0.0,0.0,0.0,0.1667,0.04,0.0645,0.0,0.0,0.0,25,31,6,2,6,2,1.0,0.0,0,3,0,0,61.2492,,2,3
indego_user_14_user_15_411_1010_1_s1,raw,one_shot,2,llama3.1:8b,0.1667,0.04,0.0645,0.0,0.0,0.0,0.1667,0.04,0.0645,0.0,0.0,0.0,25,31,6,2,6,2,1.0,0.0,0,3,0,0,47.6569,,2,3
indego_user_2_407_2910_1_s1,raw,one_shot,1,llama3.1:8b,0.4286,0.1,0.1622,0.0,0.0,0.0,0.4286,0.1,0.1622,0.0,0.0,0.0,30,42,7,4,7,7,1.0,0.0,0,2,1,0,71.593,,4,5
indego_user_2_407_2910_1_s1,raw,one_shot,2,llama3.1:8b,0.4286,0.1,0.1622,0.0,0.0,0.0,0.4286,0.1,0.1622,0.0,0.0,0.0,30,42,7,4,7,7,1.0,0.0,0,2,1,0,46.1068,,4,5
indego_user_14_412_02024_1_s1,raw,one_shot,1,llama3.1:8b,0.3077,0.1905,0.2353,0.0,0.0,0.0,0.3077,0.1905,0.2353,0.0,0.0,0.0,21,27,13,4,13,20,1.0,0.0,0,9,8,0,74.426,,4,25
indego_user_14_412_02024_1_s1,raw,one_shot,2,llama3.1:8b,0.3077,0.1905,0.2353,0.0,0.0,0.0,0.3077,0.1905,0.2353,0.0,0.0,0.0,21,27,13,4,13,19,1.0,0.0,0,9,8,0,91.2406,,4,24
indego_user_14_412_02024_2_s1,raw,one_shot,1,llama3.1:8b,0.1818,0.2353,0.2051,0.0,0.0,0.0,0.1818,0.2353,0.2051,0.0286,0.0455,0.0351,17,22,22,8,22,35,1.0,0.0,0,15,14,0,125.1514,,8,42
indego_user_14_412_02024_2_s1,raw,one_shot,2,llama3.1:8b,0.1818,0.2353,0.2051,0.0,0.0,0.0,0.1818,0.2353,0.2051,0.0286,0.0455,0.0351,17,22,22,8,22,35,1.0,0.0,0,15,14,0,113.3502,,8,42
indego_user_17_user_15_451_0402_1_s3,raw,one_shot,1,llama3.1:8b,0.9091,1.0,0.9524,0.0,0.0,0.0,0.9091,1.0,0.9524,0.8125,0.9286,0.8667,10,14,11,2,11,16,1.0,0.0,0,8,7,0,60.6529,,2,21
indego_user_17_user_15_451_0402_1_s3,raw,one_shot,2,llama3.1:8b,0.9091,1.0,0.9524,0.0,0.0,0.0,0.9091,1.0,0.9524,0.8125,0.9286,0.8667,10,14,11,2,11,16,1.0,0.0,0,8,7,0,50.4102,,2,21
indego_user_14_411_2409_1_s1,raw,one_shot,1,llama3.1:8b,0.5,0.3235,0.3929,0.0,0.0,0.0,0.5,0.3235,0.3929,0.1,0.0652,0.0789,34,46,22,8,22,30,1.0,0.0,0,12,11,0,157.2104,,8,34
indego_user_14_411_2409_1_s1,raw,one_shot,2,llama3.1:8b,0.5,0.3235,0.3929,0.0,0.0,0.0,0.5,0.3235,0.3929,0.1,0.0652,0.0789,34,46,22,8,22,30,1.0,0.0,0,12,11,0,146.7866,,8,34
indego_user_14_414_1712_woodworking_2_s1,raw,one_shot,1,llama3.1:8b,0.25,0.1364,0.1765,0.0,0.0,0.0,0.25,0.1364,0.1765,0.0,0.0,0.0,22,26,12,1,12,9,1.0,0.0,0,7,6,0,79.9502,,1,15
indego_user_14_414_1712_woodworking_2_s1,raw,one_shot,2,llama3.1:8b,0.25,0.1364,0.1765,0.0,0.0,0.0,0.25,0.1364,0.1765,0.0,0.0,0.0,22,26,12,1,12,9,1.0,0.0,0,7,6,0,69.3248,,1,15
indego_user_15_414_0702_1_s11,raw,one_shot,1,llama3.1:8b,0.0714,0.0714,0.0714,0.0,0.0,0.0,0.0714,0.0714,0.0714,0.0,0.0,0.0,14,16,14,2,14,15,1.0,0.0,0,8,7,0,95.8944,,2,20
indego_user_15_414_0702_1_s11,raw,one_shot,2,llama3.1:8b,0.0714,0.0714,0.0714,0.0,0.0,0.0,0.0714,0.0714,0.0714,0.0,0.0,0.0,14,16,14,2,14,15,1.0,0.0,0,8,7,0,78.2995,,2,20
indego_warning_A_Task_08_s1,raw,one_shot,1,llama3.1:8b,0.6667,0.5,0.5714,0.0,0.0,0.0,0.6667,0.5,0.5714,0.0,0.0,0.0,8,5,6,0,6,6,1.0,0.0,0,4,3,0,35.6987,,0,10
indego_warning_A_Task_08_s1,raw,one_shot,2,llama3.1:8b,0.6667,0.5,0.5714,0.0,0.0,0.0,0.6667,0.5,0.5714,0.0,0.0,0.0,8,5,6,0,6,6,1.0,0.0,0,4,3,0,32.4286,,0,10
indego_warning_A_Task_19_s1,raw,one_shot,1,llama3.1:8b,1.0,1.0,1.0,0.8333,0.8333,0.8333,1.0,1.0,1.0,0.5,1.0,0.6667,8,6,8,6,8,12,1.0,0.0,0,6,5,0,43.1272,,6,12
indego_warning_A_Task_19_s1,raw,one_shot,2,llama3.1:8b,1.0,1.0,1.0,0.8333,0.8333,0.8333,1.0,1.0,1.0,0.5,1.0,0.6667,8,6,8,6,8,12,1.0,0.0,0,6,5,0,39.8891,,6,12
indego_user_16_414_2101_1_s2,raw,layered,1,llama3.1:8b,0.35,0.2414,0.2857,0.0588,0.0333,0.0426,0.35,0.2414,0.2857,0.05,0.0333,0.04,29,30,20,17,20,20,1.0,0.0,0,11,0,0,137.1472,,17,14
indego_user_16_414_2101_1_s2,raw,layered,2,llama3.1:8b,0.35,0.2414,0.2857,0.0588,0.0333,0.0426,0.35,0.2414,0.2857,0.05,0.0333,0.04,29,30,20,17,20,20,1.0,0.0,0,11,0,0,123.5907,,17,14
indego_user_14_1410_2110_2_s2,raw,layered,1,llama3.1:8b,0.1786,0.2381,0.2041,0.0,0.0,0.0,0.1786,0.2381,0.2041,0.0,0.0,0.0,21,23,28,19,28,40,1.0,0.0,0,19,18,0,177.9904,,19,39
indego_user_14_1410_2110_2_s2,raw,layered,2,llama3.1:8b,0.1786,0.2381,0.2041,0.0,0.0,0.0,0.1786,0.2381,0.2041,0.0,0.0,0.0,21,23,28,19,28,40,1.0,0.0,0,19,18,0,164.9208,,19,39
indego_user_14_user_17_411_2810_table_assembly_s1,raw,layered,1,llama3.1:8b,0.25,0.25,0.25,0.0,0.0,0.0,0.25,0.25,0.25,0.0,0.0,0.0,8,6,8,9,8,10,1.0,0.0,0,4,0,0,51.7156,,9,5
indego_user_14_user_17_411_2810_table_assembly_s1,raw,layered,2,llama3.1:8b,0.25,0.25,0.25,0.0,0.0,0.0,0.25,0.25,0.25,0.0,0.0,0.0,8,6,8,9,8,10,1.0,0.0,0,4,0,0,44.8917,,9,5
indego_user_15_user_17_410_2210_2_s1,raw,layered,1,llama3.1:8b,0.3333,0.25,0.2857,0.0,0.0,0.0,0.3333,0.25,0.2857,0.0,0.0,0.0,8,9,6,5,6,5,1.0,0.0,0,3,0,0,40.3512,,5,3
indego_user_15_user_17_410_2210_2_s1,raw,layered,2,llama3.1:8b,0.3333,0.25,0.2857,0.0,0.0,0.0,0.3333,0.25,0.2857,0.0,0.0,0.0,8,9,6,3,6,5,1.0,0.0,0,3,2,0,31.4479,,3,5
indego_user_16_410_2110_2_s2,raw,layered,1,llama3.1:8b,0.2083,0.1471,0.1724,0.0,0.0,0.0,0.2083,0.1471,0.1724,0.0,0.0,0.0,34,41,24,23,24,24,1.0,0.0,0,13,1,0,159.1215,,23,14
indego_user_16_410_2110_2_s2,raw,layered,2,llama3.1:8b,0.2083,0.1471,0.1724,0.0,0.0,0.0,0.2083,0.1471,0.1724,0.0,0.0,0.0,34,41,24,23,24,24,1.0,0.0,0,13,1,0,148.4842,,23,14
indego_user_14_user_2_407_2210_1_s1,raw,layered,1,llama3.1:8b,0.1111,0.125,0.1176,0.0,0.0,0.0,0.1111,0.125,0.1176,0.0,0.0,0.0,8,8,9,5,9,10,1.0,0.0,0,4,3,0,55.9168,,5,9
indego_user_14_user_2_407_2210_1_s1,raw,layered,2,llama3.1:8b,0.0909,0.125,0.1053,0.0,0.0,0.0,0.0909,0.125,0.1053,0.0,0.0,0.0,8,8,11,3,11,10,1.0,0.0,0,5,4,0,57.0181,,3,12
indego_user_16_414_2101_1_s1,raw,layered,1,llama3.1:8b,0.375,0.3,0.3333,0.0,0.0,0.0,0.375,0.3,0.3333,0.0,0.0,0.0,10,9,8,7,8,7,1.0,0.0,0,5,1,0,57.8841,,7,5
indego_user_16_414_2101_1_s1,raw,layered,2,llama3.1:8b,0.375,0.3,0.3333,0.0,0.0,0.0,0.375,0.3,0.3333,0.0,0.0,0.0,10,9,8,7,8,7,1.0,0.0,0,5,1,0,50.1825,,7,5
indego_user_15_451_2401_1_s4,raw,layered,1,llama3.1:8b,0.3077,0.186,0.2319,0.1333,0.0392,0.0606,0.3077,0.186,0.2319,0.0833,0.0588,0.069,43,51,26,15,26,36,1.0,0.0,0,15,14,0,134.5537,,15,36
indego_user_15_451_2401_1_s4,raw,layered,2,llama3.1:8b,0.3077,0.186,0.2319,0.1333,0.0392,0.0606,0.3077,0.186,0.2319,0.0833,0.0588,0.069,43,51,26,15,26,36,1.0,0.0,0,15,14,0,121.7836,,15,36
indego_user_15_414_0702_1_s1,raw,layered,1,llama3.1:8b,0.25,0.2083,0.2273,0.2222,0.0625,0.0976,0.25,0.2083,0.2273,0.125,0.0625,0.0833,24,32,20,9,20,16,1.0,0.0,0,12,0,0,110.9754,,9,19
indego_user_15_414_0702_1_s1,raw,layered,2,llama3.1:8b,0.25,0.2083,0.2273,0.2222,0.0625,0.0976,0.25,0.2083,0.2273,0.125,0.0625,0.0833,24,32,20,9,20,16,1.0,0.0,0,12,0,0,101.3541,,9,19
indego_user_14_414_2609_1_s1,raw,layered,1,llama3.1:8b,0.1875,0.1034,0.1333,0.0,0.0,0.0,0.1875,0.1034,0.1333,0.0,0.0,0.0,29,38,16,9,16,18,1.0,0.0,0,7,0,0,99.1741,,9,16
indego_user_14_414_2609_1_s1,raw,layered,2,llama3.1:8b,0.1875,0.1034,0.1333,0.0,0.0,0.0,0.1875,0.1034,0.1333,0.0,0.0,0.0,29,38,16,9,16,18,1.0,0.0,0,7,0,0,88.219,,9,16
indego_user_15_user_1_0111_1_s1,raw,layered,1,llama3.1:8b,0.2,0.1034,0.1364,0.0,0.0,0.0,0.2,0.1034,0.1364,0.0,0.0,0.0,29,41,15,10,15,14,1.0,0.0,0,7,0,0,88.6106,,10,11
indego_user_15_user_1_0111_1_s1,raw,layered,2,llama3.1:8b,0.2,0.1034,0.1364,0.0,0.0,0.0,0.2,0.1034,0.1364,0.0,0.0,0.0,29,41,15,10,15,14,1.0,0.0,0,7,0,0,78.598,,10,11
indego_user_16_user_2_0111_1_s1,raw,layered,1,llama3.1:8b,0.3529,0.2143,0.2667,0.0,0.0,0.0,0.3529,0.2143,0.2667,0.0,0.0,0.0,28,36,17,9,17,19,1.0,0.0,0,9,8,0,89.8706,,9,19
indego_user_16_user_2_0111_1_s1,raw,layered,2,llama3.1:8b,0.3529,0.2143,0.2667,0.0,0.0,0.0,0.3529,0.2143,0.2667,0.0,0.0,0.0,28,36,17,9,17,19,1.0,0.0,0,9,8,0,80.6265,,9,19
indego_7020e12d-d5a2-4f01-beab-94f38d887eca_s2,raw,layered,1,llama3.1:8b,0.4286,1.0,0.6,0.25,0.5,0.3333,0.4286,1.0,0.6,0.3333,1.0,0.5,3,2,7,4,7,6,1.0,0.0,0,0,1,0,73.4632,,4,4
indego_7020e12d-d5a2-4f01-beab-94f38d887eca_s2,raw,layered,2,llama3.1:8b,0.4286,1.0,0.6,0.25,0.5,0.3333,0.4286,1.0,0.6,0.3333,1.0,0.5,3,2,7,4,7,6,1.0,0.0,0,0,1,0,50.0343,,4,4
indego_user_15_411_2309_2_1_s1,raw,layered,1,llama3.1:8b,0.25,0.1875,0.2143,0.0,0.0,0.0,0.25,0.1875,0.2143,0.0,0.0,0.0,16,24,12,12,12,15,1.0,0.0,0,4,3,0,155.35,,12,7
indego_user_15_411_2309_2_1_s1,raw,layered,2,llama3.1:8b,0.25,0.1875,0.2143,0.0,0.0,0.0,0.25,0.1875,0.2143,0.0,0.0,0.0,16,24,12,12,12,15,1.0,0.0,0,4,3,0,120.0423,,12,7
indego_user_14_user_1_1410_2_s1,raw,layered,1,llama3.1:8b,0.1053,0.0909,0.0976,0.0,0.0,0.0,0.1053,0.0909,0.0976,0.0,0.0,0.0,22,25,19,14,19,15,1.0,0.0,0,14,0,0,157.2255,,14,15
indego_user_14_user_1_1410_2_s1,raw,layered,2,llama3.1:8b,0.1053,0.0909,0.0976,0.0,0.0,0.0,0.1053,0.0909,0.0976,0.0,0.0,0.0,22,25,19,14,19,15,1.0,0.0,0,14,0,0,119.8091,,14,15
indego_user_14_user_15_2410_1_s1,raw,layered,1,llama3.1:8b,0.0,0.0,0.0,0.0,0.0,0.0,0.0,0.0,0.0,0.0,0.0,0.0,18,19,0,0,0,0,1.0,0.0,0,0,0,0,159.9302,"LLMJsonParseError: unexpected indent (<unknown>, line 2)",0,0
indego_user_14_user_15_2410_1_s1,raw,layered,2,llama3.1:8b,0.2727,0.1667,0.2069,0.0,0.0,0.0,0.2727,0.1667,0.2069,0.0,0.0,0.0,18,19,11,16,11,23,1.0,0.0,0,7,6,0,133.7116,,16,11
indego_232cf338-98a7-4cdc-8683-417c0e2adf7a_s1,raw,layered,1,llama3.1:8b,0.2857,0.2105,0.2424,0.2,0.0952,0.129,0.2857,0.2105,0.2424,0.1333,0.0952,0.1111,19,21,14,10,14,15,1.0,0.0,0,0,4,0,107.489,,10,10
indego_232cf338-98a7-4cdc-8683-417c0e2adf7a_s1,raw,layered,2,llama3.1:8b,0.2857,0.2105,0.2424,0.2,0.0952,0.129,0.2857,0.2105,0.2424,0.1333,0.0952,0.1111,19,21,14,10,14,15,1.0,0.0,0,0,4,0,88.6133,,10,10
indego_user_15_411_2309_2_s1,raw,layered,1,llama3.1:8b,0.1538,0.1053,0.125,0.0,0.0,0.0,0.1538,0.1053,0.125,0.0,0.0,0.0,19,26,13,10,13,17,1.0,0.0,0,6,5,0,124.7737,,10,13
indego_user_15_411_2309_2_s1,raw,layered,2,llama3.1:8b,0.1538,0.1053,0.125,0.0,0.0,0.0,0.1538,0.1053,0.125,0.0,0.0,0.0,19,26,13,10,13,17,1.0,0.0,0,6,5,0,98.4533,,10,13
indego_user_15_412_2509_1_s1,raw,layered,1,llama3.1:8b,0.0,0.0,0.0,0.0,0.0,0.0,0.0,0.0,0.0,0.0,0.0,0.0,32,42,0,0,0,0,1.0,0.0,0,0,0,0,181.1719,SubprocessTimeoutError: Isolated experiment call exceeded 180.0 seconds.,0,0
indego_user_15_412_2509_1_s1,raw,layered,2,llama3.1:8b,0.0,0.0,0.0,0.0,0.0,0.0,0.0,0.0,0.0,0.0,0.0,0.0,32,42,0,0,0,0,1.0,0.0,0,0,0,0,181.0993,SubprocessTimeoutError: Isolated experiment call exceeded 180.0 seconds.,0,0
indego_user_14_user_16_407_1712_1_s1,raw,layered,1,llama3.1:8b,0.5714,0.6154,0.5926,0.25,0.1538,0.1905,0.5714,0.6154,0.5926,0.3,0.2308,0.2609,13,13,14,8,14,10,1.0,0.0,0,7,3,0,98.1942,,8,9
indego_user_14_user_16_407_1712_1_s1,raw,layered,2,llama3.1:8b,0.5714,0.6154,0.5926,0.25,0.1538,0.1905,0.5714,0.6154,0.5926,0.3,0.2308,0.2609,13,13,14,8,14,10,1.0,0.0,0,7,3,0,77.204,,8,9
indego_user_14_407_0110_1_s1,raw,layered,1,llama3.1:8b,0.1176,0.069,0.087,0.0,0.0,0.0,0.1176,0.069,0.087,0.0,0.0,0.0,29,41,17,10,17,14,1.0,0.0,0,9,0,0,134.7003,,10,13
indego_user_14_407_0110_1_s1,raw,layered,2,llama3.1:8b,0.1176,0.069,0.087,0.0,0.0,0.0,0.1176,0.069,0.087,0.0,0.0,0.0,29,41,17,10,17,14,1.0,0.0,0,9,0,0,103.1706,,10,13
indego_user_15_412_0110_1_s1,raw,layered,1,llama3.1:8b,0.0,0.0,0.0,0.0,0.0,0.0,0.0,0.0,0.0,0.0,0.0,0.0,41,54,0,0,0,0,1.0,0.0,0,0,0,0,181.1088,SubprocessTimeoutError: Isolated experiment call exceeded 180.0 seconds.,0,0
indego_user_15_412_0110_1_s1,raw,layered,2,llama3.1:8b,0.0,0.0,0.0,0.0,0.0,0.0,0.0,0.0,0.0,0.0,0.0,0.0,41,54,0,0,0,0,1.0,0.0,0,0,0,0,181.112,SubprocessTimeoutError: Isolated experiment call exceeded 180.0 seconds.,0,0
indego_user_14_user_15_411_1010_1_s1,raw,layered,1,llama3.1:8b,0.2857,0.08,0.125,0.0,0.0,0.0,0.2857,0.08,0.125,0.0,0.0,0.0,25,31,7,4,7,7,1.0,0.0,0,3,2,0,82.055,,4,6
indego_user_14_user_15_411_1010_1_s1,raw,layered,2,llama3.1:8b,0.2857,0.08,0.125,0.0,0.0,0.0,0.2857,0.08,0.125,0.0,0.0,0.0,25,31,7,4,7,7,1.0,0.0,0,3,2,0,50.875,,4,6
indego_user_2_407_2910_1_s1,raw,layered,1,llama3.1:8b,0.5556,0.1667,0.2564,0.0,0.0,0.0,0.5556,0.1667,0.2564,0.0,0.0,0.0,30,42,9,8,9,9,1.0,0.0,0,2,1,0,105.9962,,8,3
indego_user_2_407_2910_1_s1,raw,layered,2,llama3.1:8b,0.5556,0.1667,0.2564,0.0,0.0,0.0,0.5556,0.1667,0.2564,0.0,0.0,0.0,30,42,9,8,9,9,1.0,0.0,0,2,1,0,71.9516,,8,3
indego_user_14_412_02024_1_s1,raw,layered,1,llama3.1:8b,0.25,0.0952,0.1379,0.0,0.0,0.0,0.25,0.0952,0.1379,0.0,0.0,0.0,21,27,8,8,8,12,1.0,0.0,0,4,3,0,73.3166,,8,8
indego_user_14_412_02024_1_s1,raw,layered,2,llama3.1:8b,0.25,0.0952,0.1379,0.0,0.0,0.0,0.25,0.0952,0.1379,0.0,0.0,0.0,21,27,8,8,8,12,1.0,0.0,0,4,3,0,56.8209,,8,8
indego_user_14_412_02024_2_s1,raw,layered,1,llama3.1:8b,0.3333,0.4118,0.3684,0.0667,0.0455,0.0541,0.3333,0.4118,0.3684,0.0667,0.0909,0.0769,17,22,21,15,21,30,1.0,0.0,0,15,14,0,152.0575,,15,30
indego_user_14_412_02024_2_s1,raw,layered,2,llama3.1:8b,0.3333,0.4118,0.3684,0.0667,0.0455,0.0541,0.3333,0.4118,0.3684,0.0667,0.0909,0.0769,17,22,21,15,21,30,1.0,0.0,0,15,14,0,131.5894,,15,30
indego_user_17_user_15_451_0402_1_s3,raw,layered,1,llama3.1:8b,0.8182,0.9,0.8571,0.7143,0.3571,0.4762,0.8182,0.9,0.8571,0.7647,0.9286,0.8387,10,14,11,7,11,17,1.0,0.0,0,8,7,0,94.434,,7,17
indego_user_17_user_15_451_0402_1_s3,raw,layered,2,llama3.1:8b,0.8182,0.9,0.8571,0.7143,0.3571,0.4762,0.8182,0.9,0.8571,0.7647,0.9286,0.8387,10,14,11,7,11,17,1.0,0.0,0,8,7,0,72.98,,7,17
indego_user_14_411_2409_1_s1,raw,layered,1,llama3.1:8b,0.5,0.2941,0.3704,0.0,0.0,0.0,0.5,0.2941,0.3704,0.0833,0.0435,0.0571,34,46,20,1,20,24,1.0,0.0,0,12,11,0,173.2003,,1,35
indego_user_14_411_2409_1_s1,raw,layered,2,llama3.1:8b,0.5,0.2941,0.3704,0.0,0.0,0.0,0.5,0.2941,0.3704,0.0833,0.0435,0.0571,34,46,20,1,20,24,1.0,0.0,0,12,11,0,154.1029,,1,35
indego_user_14_414_1712_woodworking_2_s1,raw,layered,1,llama3.1:8b,0.6364,0.3182,0.4242,0.2,0.0385,0.0645,0.6364,0.3182,0.4242,0.1111,0.0385,0.0571,22,26,11,5,11,9,1.0,0.0,0,5,4,0,88.2776,,5,9
indego_user_14_414_1712_woodworking_2_s1,raw,layered,2,llama3.1:8b,0.6364,0.3182,0.4242,0.2,0.0385,0.0645,0.6364,0.3182,0.4242,0.1111,0.0385,0.0571,22,26,11,5,11,9,1.0,0.0,0,5,4,0,56.2298,,5,9
indego_user_15_414_0702_1_s11,raw,layered,1,llama3.1:8b,0.0,0.0,0.0,0.0,0.0,0.0,0.0,0.0,0.0,0.0,0.0,0.0,14,16,15,5,15,14,1.0,0.0,0,8,7,0,114.8901,,5,16
indego_user_15_414_0702_1_s11,raw,layered,2,llama3.1:8b,0.0,0.0,0.0,0.0,0.0,0.0,0.0,0.0,0.0,0.0,0.0,0.0,14,16,15,5,15,14,1.0,0.0,0,8,7,0,80.4738,,5,16
indego_warning_A_Task_08_s1,raw,layered,1,llama3.1:8b,1.0,0.75,0.8571,1.0,0.6,0.75,1.0,0.75,0.8571,0.5,0.6,0.5455,8,5,6,3,6,6,1.0,0.0,0,4,3,0,34.4015,,3,7
indego_warning_A_Task_08_s1,raw,layered,2,llama3.1:8b,1.0,0.75,0.8571,1.0,0.6,0.75,1.0,0.75,0.8571,0.5,0.6,0.5455,8,5,6,3,6,6,1.0,0.0,0,4,3,0,27.2202,,3,7
indego_warning_A_Task_19_s1,raw,layered,1,llama3.1:8b,0.875,0.875,0.875,0.8333,0.8333,0.8333,0.875,0.875,0.875,0.4545,0.8333,0.5882,8,6,8,6,8,11,1.0,0.0,0,6,5,0,41.9365,,6,11
indego_warning_A_Task_19_s1,raw,layered,2,llama3.1:8b,0.875,0.875,0.875,0.8333,0.8333,0.8333,0.875,0.875,0.875,0.4545,0.8333,0.5882,8,6,8,6,8,11,1.0,0.0,0,6,5,0,35.8422,,6,11
indego_user_16_414_2101_1_s2,auto_unified,layered,1,llama3.1:8b,0.2353,0.1379,0.1739,0.0,0.0,0.0,0.2353,0.1379,0.1739,0.0,0.0,0.0,29,30,17,11,17,24,1.0,0.0,0,10,9,0,90.7435,,11,23
indego_user_16_414_2101_1_s2,auto_unified,layered,2,llama3.1:8b,0.2353,0.1379,0.1739,0.0,0.0,0.0,0.2353,0.1379,0.1739,0.0,0.0,0.0,29,30,17,11,17,24,1.0,0.0,0,10,9,0,72.2844,,11,23
indego_user_14_1410_2110_2_s2,auto_unified,layered,1,llama3.1:8b,0.0556,0.0476,0.0513,0.0,0.0,0.0,0.0556,0.0476,0.0513,0.0,0.0,0.0,21,23,18,7,18,24,1.0,0.0,0,12,11,0,136.0441,,7,29
indego_user_14_1410_2110_2_s2,auto_unified,layered,2,llama3.1:8b,0.0556,0.0476,0.0513,0.0,0.0,0.0,0.0556,0.0476,0.0513,0.0,0.0,0.0,21,23,18,7,18,24,1.0,0.0,0,12,11,0,117.5775,,7,29
indego_user_14_user_17_411_2810_table_assembly_s1,auto_unified,layered,1,llama3.1:8b,0.25,0.25,0.25,0.0,0.0,0.0,0.25,0.25,0.25,0.0,0.0,0.0,8,6,8,6,8,7,1.0,0.0,0,4,0,0,61.0016,,6,5
indego_user_14_user_17_411_2810_table_assembly_s1,auto_unified,layered,2,llama3.1:8b,0.25,0.25,0.25,0.0,0.0,0.0,0.25,0.25,0.25,0.0,0.0,0.0,8,6,8,6,8,7,1.0,0.0,0,4,0,0,51.3938,,6,5
indego_user_15_user_17_410_2210_2_s1,auto_unified,layered,1,llama3.1:8b,0.3333,0.25,0.2857,0.0,0.0,0.0,0.3333,0.25,0.2857,0.0,0.0,0.0,8,9,6,3,6,3,1.0,0.0,0,3,0,0,47.725,,3,3
indego_user_15_user_17_410_2210_2_s1,auto_unified,layered,2,llama3.1:8b,0.3333,0.25,0.2857,0.0,0.0,0.0,0.3333,0.25,0.2857,0.0,0.0,0.0,8,9,6,3,6,3,1.0,0.0,0,3,0,0,37.8709,,3,3
indego_user_16_410_2110_2_s2,auto_unified,layered,1,llama3.1:8b,0.16,0.1176,0.1356,0.0,0.0,0.0,0.16,0.1176,0.1356,0.0,0.0,0.0,34,41,25,15,25,17,1.0,0.0,0,14,0,0,177.3873,,15,16
indego_user_16_410_2110_2_s2,auto_unified,layered,2,llama3.1:8b,0.0,0.0,0.0,0.0,0.0,0.0,0.0,0.0,0.0,0.0,0.0,0.0,34,41,0,0,0,0,1.0,0.0,0,0,0,0,181.3334,SubprocessTimeoutError: Isolated experiment call exceeded 180.0 seconds.,0,0
indego_user_14_user_2_407_2210_1_s1,auto_unified,layered,1,llama3.1:8b,0.125,0.125,0.125,0.0,0.0,0.0,0.125,0.125,0.125,0.0,0.0,0.0,8,8,8,3,8,6,1.0,0.0,0,3,0,0,95.6264,,3,6
indego_user_14_user_2_407_2210_1_s1,auto_unified,layered,2,llama3.1:8b,0.125,0.125,0.125,0.0,0.0,0.0,0.125,0.125,0.125,0.0,0.0,0.0,8,8,8,3,8,6,1.0,0.0,0,3,0,0,109.9475,,3,6
indego_user_16_414_2101_1_s1,auto_unified,layered,1,llama3.1:8b,0.4444,0.4,0.4211,0.0,0.0,0.0,0.4444,0.4,0.4211,0.0,0.0,0.0,10,9,9,5,9,10,1.0,0.0,0,6,5,0,143.5472,,5,11
indego_user_16_414_2101_1_s1,auto_unified,layered,2,llama3.1:8b,0.4444,0.4,0.4211,0.0,0.0,0.0,0.4444,0.4,0.4211,0.0,0.0,0.0,10,9,9,5,9,10,1.0,0.0,0,6,5,0,48.4778,,5,11
indego_user_15_451_2401_1_s4,auto_unified,layered,1,llama3.1:8b,0.0,0.0,0.0,0.0,0.0,0.0,0.0,0.0,0.0,0.0,0.0,0.0,43,51,0,0,0,0,1.0,0.0,0,0,0,0,181.1662,SubprocessTimeoutError: Isolated experiment call exceeded 180.0 seconds.,0,0
indego_user_15_451_2401_1_s4,auto_unified,layered,2,llama3.1:8b,0.0,0.0,0.0,0.0,0.0,0.0,0.0,0.0,0.0,0.0,0.0,0.0,43,51,0,0,0,0,1.0,0.0,0,0,0,0,181.1233,SubprocessTimeoutError: Isolated experiment call exceeded 180.0 seconds.,0,0
indego_user_15_414_0702_1_s1,auto_unified,layered,1,llama3.1:8b,0.25,0.1667,0.2,0.1667,0.0312,0.0526,0.25,0.1667,0.2,0.1,0.0312,0.0476,24,32,16,6,16,10,1.0,0.0,0,10,0,0,123.7979,,6,14
indego_user_15_414_0702_1_s1,auto_unified,layered,2,llama3.1:8b,0.25,0.1667,0.2,0.1667,0.0312,0.0526,0.25,0.1667,0.2,0.1,0.0312,0.0476,24,32,16,6,16,10,1.0,0.0,0,10,0,0,111.0386,,6,14
indego_user_14_414_2609_1_s1,auto_unified,layered,1,llama3.1:8b,0.2143,0.1034,0.1395,0.0,0.0,0.0,0.2143,0.1034,0.1395,0.0,0.0,0.0,29,38,14,9,14,16,1.0,0.0,0,7,1,0,96.4359,,9,14
indego_user_14_414_2609_1_s1,auto_unified,layered,2,llama3.1:8b,0.2143,0.1034,0.1395,0.0,0.0,0.0,0.2143,0.1034,0.1395,0.0,0.0,0.0,29,38,14,9,14,16,1.0,0.0,0,7,1,0,85.3183,,9,14
indego_user_15_user_1_0111_1_s1,auto_unified,layered,1,llama3.1:8b,0.1176,0.069,0.087,0.0,0.0,0.0,0.1176,0.069,0.087,0.0,0.0,0.0,29,41,17,6,17,17,1.0,0.0,0,10,9,0,116.812,,6,21
indego_user_15_user_1_0111_1_s1,auto_unified,layered,2,llama3.1:8b,0.1176,0.069,0.087,0.0,0.0,0.0,0.1176,0.069,0.087,0.0,0.0,0.0,29,41,17,6,17,17,1.0,0.0,0,10,9,0,105.1635,,6,21
indego_user_16_user_2_0111_1_s1,auto_unified,layered,1,llama3.1:8b,0.4375,0.25,0.3182,0.125,0.0278,0.0455,0.4375,0.25,0.3182,0.0667,0.0278,0.0392,28,36,16,8,16,15,1.0,0.0,0,8,8,0,91.1233,,8,15
indego_user_16_user_2_0111_1_s1,auto_unified,layered,2,llama3.1:8b,0.4375,0.25,0.3182,0.125,0.0278,0.0455,0.4375,0.25,0.3182,0.0667,0.0278,0.0392,28,36,16,8,16,15,1.0,0.0,0,8,8,0,77.8343,,8,15
indego_7020e12d-d5a2-4f01-beab-94f38d887eca_s2,auto_unified,layered,1,llama3.1:8b,0.4286,1.0,0.6,0.2,0.5,0.2857,0.4286,1.0,0.6,0.2857,1.0,0.4444,3,2,7,5,7,7,1.0,0.0,0,0,1,0,84.1602,,5,4
indego_7020e12d-d5a2-4f01-beab-94f38d887eca_s2,auto_unified,layered,2,llama3.1:8b,0.4286,1.0,0.6,0.2,0.5,0.2857,0.4286,1.0,0.6,0.2857,1.0,0.4444,3,2,7,5,7,7,1.0,0.0,0,0,1,0,49.6219,,5,4
indego_user_15_411_2309_2_1_s1,auto_unified,layered,1,llama3.1:8b,0.2222,0.125,0.16,0.0,0.0,0.0,0.2222,0.125,0.16,0.0,0.0,0.0,16,24,9,9,9,11,1.0,0.0,0,4,0,0,104.221,,9,6
indego_user_15_411_2309_2_1_s1,auto_unified,layered,2,llama3.1:8b,0.2222,0.125,0.16,0.0,0.0,0.0,0.2222,0.125,0.16,0.0,0.0,0.0,16,24,9,9,9,11,1.0,0.0,0,4,0,0,66.9026,,9,6
indego_user_14_user_1_1410_2_s1,auto_unified,layered,1,llama3.1:8b,0.0,0.0,0.0,0.0,0.0,0.0,0.0,0.0,0.0,0.0,0.0,0.0,22,25,6,1,6,6,1.0,0.0,0,5,4,0,76.0246,,1,9
indego_user_14_user_1_1410_2_s1,auto_unified,layered,2,llama3.1:8b,0.0,0.0,0.0,0.0,0.0,0.0,0.0,0.0,0.0,0.0,0.0,0.0,22,25,6,1,6,6,1.0,0.0,0,5,4,0,34.0311,,1,9
indego_user_14_user_15_2410_1_s1,auto_unified,layered,1,llama3.1:8b,0.0909,0.0556,0.069,0.0,0.0,0.0,0.0909,0.0556,0.069,0.0,0.0,0.0,18,19,11,4,11,14,1.0,0.0,0,7,6,0,110.1316,,4,14
indego_user_14_user_15_2410_1_s1,auto_unified,layered,2,llama3.1:8b,0.0909,0.0556,0.069,0.0,0.0,0.0,0.0909,0.0556,0.069,0.0,0.0,0.0,18,19,11,4,11,14,1.0,0.0,0,7,6,0,75.0344,,4,14
indego_232cf338-98a7-4cdc-8683-417c0e2adf7a_s1,auto_unified,layered,1,llama3.1:8b,0.3333,0.1579,0.2143,0.2,0.0476,0.0769,0.3333,0.1579,0.2143,0.125,0.0476,0.069,19,21,9,5,9,8,1.0,0.0,0,0,3,0,76.8526,,5,7
indego_232cf338-98a7-4cdc-8683-417c0e2adf7a_s1,auto_unified,layered,2,llama3.1:8b,0.3333,0.1579,0.2143,0.2,0.0476,0.0769,0.3333,0.1579,0.2143,0.125,0.0476,0.069,19,21,9,5,9,8,1.0,0.0,0,0,3,0,41.1847,,5,7
indego_user_15_411_2309_2_s1,auto_unified,layered,1,llama3.1:8b,0.25,0.1579,0.1935,0.0,0.0,0.0,0.25,0.1579,0.1935,0.0,0.0,0.0,19,26,12,4,12,11,1.0,0.0,0,4,3,0,110.8248,,4,11
indego_user_15_411_2309_2_s1,auto_unified,layered,2,llama3.1:8b,0.25,0.1579,0.1935,0.0,0.0,0.0,0.25,0.1579,0.1935,0.0,0.0,0.0,19,26,12,4,12,11,1.0,0.0,0,4,3,0,59.7252,,4,11
indego_user_15_412_2509_1_s1,auto_unified,layered,1,llama3.1:8b,0.1111,0.0312,0.0488,0.0,0.0,0.0,0.1111,0.0312,0.0488,0.0,0.0,0.0,32,42,9,4,9,8,1.0,0.0,0,4,3,0,121.1647,,4,7
indego_user_15_412_2509_1_s1,auto_unified,layered,2,llama3.1:8b,0.1111,0.0312,0.0488,0.0,0.0,0.0,0.1111,0.0312,0.0488,0.0,0.0,0.0,32,42,9,4,9,8,1.0,0.0,0,4,3,0,71.9166,,4,7
indego_user_14_user_16_407_1712_1_s1,auto_unified,layered,1,llama3.1:8b,0.5455,0.4615,0.5,0.3333,0.1538,0.2105,0.5455,0.4615,0.5,0.3077,0.3077,0.3077,13,13,11,6,11,13,1.0,0.0,0,7,6,0,91.5385,,6,14
indego_user_14_user_16_407_1712_1_s1,auto_unified,layered,2,llama3.1:8b,0.5455,0.4615,0.5,0.3333,0.1538,0.2105,0.5455,0.4615,0.5,0.3077,0.3077,0.3077,13,13,11,6,11,13,1.0,0.0,0,7,6,0,62.9338,,6,14
indego_user_14_407_0110_1_s1,auto_unified,layered,1,llama3.1:8b,0.2,0.069,0.1026,0.0,0.0,0.0,0.2,0.069,0.1026,0.0,0.0,0.0,29,41,10,6,10,11,1.0,0.0,0,8,7,0,129.7302,,6,10
indego_user_14_407_0110_1_s1,auto_unified,layered,2,llama3.1:8b,0.2,0.069,0.1026,0.0,0.0,0.0,0.2,0.069,0.1026,0.0,0.0,0.0,29,41,10,6,10,11,1.0,0.0,0,8,7,0,88.8777,,6,10
indego_user_15_412_0110_1_s1,auto_unified,layered,1,llama3.1:8b,0.2222,0.0488,0.08,0.0,0.0,0.0,0.2222,0.0488,0.08,0.0,0.0,0.0,41,54,9,4,9,5,1.0,0.0,0,5,0,0,134.8397,,4,6
indego_user_15_412_0110_1_s1,auto_unified,layered,2,llama3.1:8b,0.2222,0.0488,0.08,0.0,0.0,0.0,0.2222,0.0488,0.08,0.0,0.0,0.0,41,54,9,4,9,5,1.0,0.0,0,5,0,0,73.1638,,4,6
indego_user_14_user_15_411_1010_1_s1,auto_unified,layered,1,llama3.1:8b,0.2857,0.08,0.125,0.0,0.0,0.0,0.2857,0.08,0.125,0.0,0.0,0.0,25,31,7,1,7,3,1.0,0.0,0,3,2,0,73.0902,,1,5
indego_user_14_user_15_411_1010_1_s1,auto_unified,layered,2,llama3.1:8b,0.2857,0.08,0.125,0.0,0.0,0.0,0.2857,0.08,0.125,0.0,0.0,0.0,25,31,7,1,7,3,1.0,0.0,0,3,2,0,38.8505,,1,5
indego_user_2_407_2910_1_s1,auto_unified,layered,1,llama3.1:8b,0.5,0.2,0.2857,0.0,0.0,0.0,0.5,0.2,0.2857,0.0,0.0,0.0,30,42,12,8,12,9,1.0,0.0,0,2,1,0,124.8754,,8,3
indego_user_2_407_2910_1_s1,auto_unified,layered,2,llama3.1:8b,0.5,0.2,0.2857,0.0,0.0,0.0,0.5,0.2,0.2857,0.0,0.0,0.0,30,42,12,8,12,9,1.0,0.0,0,2,1,0,68.3701,,8,3
indego_user_14_412_02024_1_s1,auto_unified,layered,1,llama3.1:8b,0.375,0.1429,0.2069,0.0,0.0,0.0,0.375,0.1429,0.2069,0.0,0.0,0.0,21,27,8,6,8,12,1.0,0.0,0,4,3,0,57.9746,,6,10
indego_user_14_412_02024_1_s1,auto_unified,layered,2,llama3.1:8b,0.375,0.1429,0.2069,0.0,0.0,0.0,0.375,0.1429,0.2069,0.0,0.0,0.0,21,27,8,6,8,12,1.0,0.0,0,4,3,0,39.4793,,6,10
indego_user_14_412_02024_2_s1,auto_unified,layered,1,llama3.1:8b,0.25,0.1176,0.16,0.0,0.0,0.0,0.25,0.1176,0.16,0.0,0.0,0.0,17,22,8,6,8,10,1.0,0.0,0,4,0,0,67.1405,,6,7
indego_user_14_412_02024_2_s1,auto_unified,layered,2,llama3.1:8b,0.25,0.1176,0.16,0.0,0.0,0.0,0.25,0.1176,0.16,0.0,0.0,0.0,17,22,8,4,8,11,1.0,0.0,0,4,3,0,47.0219,,4,10
indego_user_17_user_15_451_0402_1_s3,auto_unified,layered,1,llama3.1:8b,0.7273,0.8,0.7619,0.0,0.0,0.0,0.7273,0.8,0.7619,0.7778,0.5,0.6087,10,14,11,2,11,9,1.0,0.0,0,8,7,0,86.054,,2,14
indego_user_17_user_15_451_0402_1_s3,auto_unified,layered,2,llama3.1:8b,0.7273,0.8,0.7619,0.0,0.0,0.0,0.7273,0.8,0.7619,0.7778,0.5,0.6087,10,14,11,2,11,9,1.0,0.0,0,8,7,0,37.7374,,2,14
indego_user_14_411_2409_1_s1,auto_unified,layered,1,llama3.1:8b,0.7273,0.2353,0.3556,0.0,0.0,0.0,0.7273,0.2353,0.3556,0.0,0.0,0.0,34,46,11,7,11,9,1.0,0.0,0,3,2,0,94.3094,,7,5
indego_user_14_411_2409_1_s1,auto_unified,layered,2,llama3.1:8b,0.7273,0.2353,0.3556,0.0,0.0,0.0,0.7273,0.2353,0.3556,0.0,0.0,0.0,34,46,11,7,11,9,1.0,0.0,0,3,2,0,68.1478,,7,5
indego_user_14_414_1712_woodworking_2_s1,auto_unified,layered,1,llama3.1:8b,0.4545,0.2273,0.303,0.0,0.0,0.0,0.4545,0.2273,0.303,0.0,0.0,0.0,22,26,11,6,11,10,1.0,0.0,0,4,3,0,74.6881,,6,8
indego_user_14_414_1712_woodworking_2_s1,auto_unified,layered,2,llama3.1:8b,0.4545,0.2273,0.303,0.0,0.0,0.0,0.4545,0.2273,0.303,0.0,0.0,0.0,22,26,11,6,11,10,1.0,0.0,0,4,3,0,48.4403,,6,8
indego_user_15_414_0702_1_s11,auto_unified,layered,1,llama3.1:8b,0.1333,0.1429,0.1379,0.0,0.0,0.0,0.1333,0.1429,0.1379,0.0,0.0,0.0,14,16,15,4,15,16,1.0,0.0,0,8,7,0,109.2503,,4,19
indego_user_15_414_0702_1_s11,auto_unified,layered,2,llama3.1:8b,0.1333,0.1429,0.1379,0.0,0.0,0.0,0.1333,0.1429,0.1379,0.0,0.0,0.0,14,16,15,4,15,16,1.0,0.0,0,8,7,0,58.3438,,4,19
indego_warning_A_Task_08_s1,auto_unified,layered,1,llama3.1:8b,1.0,0.625,0.7692,0.0,0.0,0.0,1.0,0.625,0.7692,0.1667,0.2,0.1818,8,5,5,5,5,6,1.0,0.0,0,4,0,0,42.1663,,5,5
indego_warning_A_Task_08_s1,auto_unified,layered,2,llama3.1:8b,1.0,0.625,0.7692,0.0,0.0,0.0,1.0,0.625,0.7692,0.1667,0.2,0.1818,8,5,5,5,5,6,1.0,0.0,0,4,0,0,34.4455,,5,5
indego_warning_A_Task_19_s1,auto_unified,layered,1,llama3.1:8b,0.7778,0.875,0.8235,0.6667,0.6667,0.6667,0.7778,0.875,0.8235,0.4167,0.8333,0.5556,8,6,9,6,9,12,1.0,0.0,0,6,5,0,62.2467,,6,12
indego_warning_A_Task_19_s1,auto_unified,layered,2,llama3.1:8b,0.7778,0.875,0.8235,0.6667,0.6667,0.6667,0.7778,0.875,0.8235,0.4167,0.8333,0.5556,8,6,9,6,9,12,1.0,0.0,0,6,5,0,47.3794,,6,12
indego_user_16_414_2101_1_s2,reviewed_unified,layered,1,llama3.1:8b,0.9655,0.9655,0.9655,0.9412,0.5333,0.6809,0.9655,0.9655,0.9655,0.8056,0.9667,0.8788,29,30,29,17,29,36,1.0,0.0,0,14,13,0,162.7821,,17,33
indego_user_16_414_2101_1_s2,reviewed_unified,layered,2,llama3.1:8b,0.9655,0.9655,0.9655,0.9412,0.5333,0.6809,0.9655,0.9655,0.9655,0.8056,0.9667,0.8788,29,30,29,17,29,36,1.0,0.0,0,14,13,0,129.5307,,17,33
indego_user_14_1410_2110_2_s2,reviewed_unified,layered,1,llama3.1:8b,1.0,1.0,1.0,1.0,0.5652,0.7222,1.0,1.0,1.0,0.8846,1.0,0.9388,21,23,21,13,21,26,1.0,0.0,0,11,10,0,110.8089,,13,24
indego_user_14_1410_2110_2_s2,reviewed_unified,layered,2,llama3.1:8b,1.0,1.0,1.0,1.0,0.5652,0.7222,1.0,1.0,1.0,0.8846,1.0,0.9388,21,23,21,13,21,26,1.0,0.0,0,11,10,0,96.2619,,13,24
indego_user_14_user_17_411_2810_table_assembly_s1,reviewed_unified,layered,1,llama3.1:8b,1.0,1.0,1.0,0.5,0.5,0.5,1.0,1.0,1.0,0.5,0.5,0.5,8,6,8,6,8,6,1.0,0.0,0,3,0,0,55.2927,,6,3
indego_user_14_user_17_411_2810_table_assembly_s1,reviewed_unified,layered,2,llama3.1:8b,1.0,1.0,1.0,0.5,0.5,0.5,1.0,1.0,1.0,0.5,0.5,0.5,8,6,8,6,8,6,1.0,0.0,0,3,0,0,40.3873,,6,3
indego_user_15_user_17_410_2210_2_s1,reviewed_unified,layered,1,llama3.1:8b,1.0,1.0,1.0,0.6667,0.4444,0.5333,1.0,1.0,1.0,0.6667,0.4444,0.5333,8,9,8,6,8,6,1.0,0.0,0,3,0,0,52.345,,6,3
indego_user_15_user_17_410_2210_2_s1,reviewed_unified,layered,2,llama3.1:8b,1.0,1.0,1.0,0.6667,0.4444,0.5333,1.0,1.0,1.0,0.6667,0.4444,0.5333,8,9,8,6,8,6,1.0,0.0,0,3,0,0,40.8563,,6,3
indego_user_16_410_2110_2_s2,reviewed_unified,layered,1,llama3.1:8b,1.0,1.0,1.0,0.8235,0.3415,0.4828,1.0,1.0,1.0,0.9111,1.0,0.9535,34,41,34,17,34,45,1.0,0.0,0,17,16,0,166.2943,,17,45
indego_user_16_410_2110_2_s2,reviewed_unified,layered,2,llama3.1:8b,1.0,1.0,1.0,0.8235,0.3415,0.4828,1.0,1.0,1.0,0.9111,1.0,0.9535,34,41,34,17,34,45,1.0,0.0,0,17,16,0,140.2983,,17,45
indego_user_14_user_2_407_2210_1_s1,reviewed_unified,layered,1,llama3.1:8b,1.0,1.0,1.0,1.0,0.875,0.9333,1.0,1.0,1.0,1.0,1.0,1.0,8,8,8,7,8,8,1.0,0.0,0,3,0,0,51.1709,,7,4
indego_user_14_user_2_407_2210_1_s1,reviewed_unified,layered,2,llama3.1:8b,1.0,1.0,1.0,1.0,0.875,0.9333,1.0,1.0,1.0,1.0,1.0,1.0,8,8,8,7,8,8,1.0,0.0,0,3,0,0,40.798,,7,4
indego_user_16_414_2101_1_s1,reviewed_unified,layered,1,llama3.1:8b,1.0,1.0,1.0,0.8571,0.6667,0.75,1.0,1.0,1.0,0.8889,0.8889,0.8889,10,9,10,7,10,9,1.0,0.0,0,5,0,0,55.459,,7,7
indego_user_16_414_2101_1_s1,reviewed_unified,layered,2,llama3.1:8b,1.0,1.0,1.0,0.8571,0.6667,0.75,1.0,1.0,1.0,0.8889,0.8889,0.8889,10,9,10,7,10,9,1.0,0.0,0,5,0,0,44.2853,,7,7
indego_user_15_451_2401_1_s4,reviewed_unified,layered,1,llama3.1:8b,0.0,0.0,0.0,0.0,0.0,0.0,0.0,0.0,0.0,0.0,0.0,0.0,43,51,0,0,0,0,1.0,0.0,0,0,0,0,181.166,SubprocessTimeoutError: Isolated experiment call exceeded 180.0 seconds.,0,0
indego_user_15_451_2401_1_s4,reviewed_unified,layered,2,llama3.1:8b,0.0,0.0,0.0,0.0,0.0,0.0,0.0,0.0,0.0,0.0,0.0,0.0,43,51,0,0,0,0,1.0,0.0,0,0,0,0,181.103,SubprocessTimeoutError: Isolated experiment call exceeded 180.0 seconds.,0,0
indego_user_15_414_0702_1_s1,reviewed_unified,layered,1,llama3.1:8b,1.0,1.0,1.0,1.0,0.3438,0.5116,1.0,1.0,1.0,0.9,0.8438,0.871,24,32,24,11,24,30,1.0,0.0,0,14,13,0,121.1909,,11,33
indego_user_15_414_0702_1_s1,reviewed_unified,layered,2,llama3.1:8b,1.0,1.0,1.0,1.0,0.3438,0.5116,1.0,1.0,1.0,0.9,0.8438,0.871,24,32,24,11,24,30,1.0,0.0,0,14,13,0,100.6598,,11,33
indego_user_14_414_2609_1_s1,reviewed_unified,layered,1,llama3.1:8b,0.0,0.0,0.0,0.0,0.0,0.0,0.0,0.0,0.0,0.0,0.0,0.0,29,38,0,0,0,0,1.0,0.0,0,0,0,0,181.1043,SubprocessTimeoutError: Isolated experiment call exceeded 180.0 seconds.,0,0
indego_user_14_414_2609_1_s1,reviewed_unified,layered,2,llama3.1:8b,0.0,0.0,0.0,0.0,0.0,0.0,0.0,0.0,0.0,0.0,0.0,0.0,29,38,0,0,0,0,1.0,0.0,0,0,0,0,181.1082,SubprocessTimeoutError: Isolated experiment call exceeded 180.0 seconds.,0,0
indego_user_15_user_1_0111_1_s1,reviewed_unified,layered,1,llama3.1:8b,0.8966,0.8966,0.8966,0.6154,0.1951,0.2963,0.8966,0.8966,0.8966,0.6364,0.6829,0.6588,29,41,29,13,29,44,1.0,0.0,0,17,16,0,179.4526,,13,48
indego_user_15_user_1_0111_1_s1,reviewed_unified,layered,2,llama3.1:8b,0.8966,0.8966,0.8966,0.6154,0.1951,0.2963,0.8966,0.8966,0.8966,0.6364,0.6829,0.6588,29,41,29,13,29,44,1.0,0.0,0,17,16,0,149.6601,,13,48
indego_user_16_user_2_0111_1_s1,reviewed_unified,layered,1,llama3.1:8b,1.0,0.9643,0.9818,1.0,0.4167,0.5882,1.0,0.9643,0.9818,0.8158,0.8611,0.8378,28,36,27,15,27,38,1.0,0.0,0,16,16,0,166.9994,,15,39
indego_user_16_user_2_0111_1_s1,reviewed_unified,layered,2,llama3.1:8b,1.0,0.9643,0.9818,1.0,0.4167,0.5882,1.0,0.9643,0.9818,0.8158,0.8611,0.8378,28,36,27,15,27,38,1.0,0.0,0,16,16,0,149.0031,,15,39
indego_7020e12d-d5a2-4f01-beab-94f38d887eca_s2,reviewed_unified,layered,1,llama3.1:8b,0.2727,1.0,0.4286,0.2857,1.0,0.4444,0.2727,1.0,0.4286,0.2857,1.0,0.4444,3,2,11,7,11,7,1.0,0.0,0,0,0,0,79.9317,,7,2
indego_7020e12d-d5a2-4f01-beab-94f38d887eca_s2,reviewed_unified,layered,2,llama3.1:8b,0.2727,1.0,0.4286,0.125,0.5,0.2,0.2727,1.0,0.4286,0.2222,1.0,0.3636,3,2,11,8,11,9,1.0,0.0,0,0,1,0,54.2454,,8,3
indego_user_15_411_2309_2_1_s1,reviewed_unified,layered,1,llama3.1:8b,0.9375,0.9375,0.9375,0.7333,0.4583,0.5641,0.9375,0.9375,0.9375,0.7222,0.5417,0.619,16,24,16,15,16,18,1.0,0.0,0,8,0,0,146.8695,,15,11
indego_user_15_411_2309_2_1_s1,reviewed_unified,layered,2,llama3.1:8b,0.9375,0.9375,0.9375,0.7333,0.4583,0.5641,0.9375,0.9375,0.9375,0.7222,0.5417,0.619,16,24,16,15,16,18,1.0,0.0,0,8,0,0,110.4589,,15,11
indego_user_14_user_1_1410_2_s1,reviewed_unified,layered,1,llama3.1:8b,0.9545,0.9545,0.9545,0.9167,0.44,0.5946,0.9545,0.9545,0.9545,0.96,0.96,0.96,22,25,22,12,22,25,1.0,0.0,0,12,11,0,143.5136,,12,25
indego_user_14_user_1_1410_2_s1,reviewed_unified,layered,2,llama3.1:8b,0.9545,0.9545,0.9545,0.9167,0.44,0.5946,0.9545,0.9545,0.9545,0.96,0.96,0.96,22,25,22,12,22,25,1.0,0.0,0,12,11,0,103.186,,12,25
indego_user_14_user_15_2410_1_s1,reviewed_unified,layered,1,llama3.1:8b,0.9444,0.9444,0.9444,1.0,0.4737,0.6429,0.9444,0.9444,0.9444,0.9444,0.8947,0.9189,18,19,18,9,18,18,1.0,0.0,0,9,8,0,117.1693,,9,18
indego_user_14_user_15_2410_1_s1,reviewed_unified,layered,2,llama3.1:8b,0.9444,0.9444,0.9444,1.0,0.4737,0.6429,0.9444,0.9444,0.9444,0.9444,0.8947,0.9189,18,19,18,9,18,18,1.0,0.0,0,9,8,0,83.5309,,9,18
indego_232cf338-98a7-4cdc-8683-417c0e2adf7a_s1,reviewed_unified,layered,1,llama3.1:8b,1.0,1.0,1.0,1.0,0.4762,0.6452,1.0,1.0,1.0,0.84,1.0,0.913,19,21,19,10,19,25,1.0,0.0,0,0,9,0,104.0899,,10,25
indego_232cf338-98a7-4cdc-8683-417c0e2adf7a_s1,reviewed_unified,layered,2,llama3.1:8b,1.0,1.0,1.0,1.0,0.4762,0.6452,1.0,1.0,1.0,0.84,1.0,0.913,19,21,19,10,19,25,1.0,0.0,0,0,9,0,85.9608,,10,25
indego_user_15_411_2309_2_s1,reviewed_unified,layered,1,llama3.1:8b,1.0,1.0,1.0,1.0,0.3077,0.4706,1.0,1.0,1.0,0.9412,0.6154,0.7442,19,26,19,8,19,17,1.0,0.0,0,9,8,0,114.9815,,8,18
indego_user_15_411_2309_2_s1,reviewed_unified,layered,2,llama3.1:8b,1.0,1.0,1.0,1.0,0.3077,0.4706,1.0,1.0,1.0,0.9412,0.6154,0.7442,19,26,19,8,19,17,1.0,0.0,0,9,8,0,85.0059,,8,18
indego_user_15_412_2509_1_s1,reviewed_unified,layered,1,llama3.1:8b,0.0,0.0,0.0,0.0,0.0,0.0,0.0,0.0,0.0,0.0,0.0,0.0,32,42,0,0,0,0,1.0,0.0,0,0,0,0,181.1853,SubprocessTimeoutError: Isolated experiment call exceeded 180.0 seconds.,0,0
indego_user_15_412_2509_1_s1,reviewed_unified,layered,2,llama3.1:8b,0.0,0.0,0.0,0.0,0.0,0.0,0.0,0.0,0.0,0.0,0.0,0.0,32,42,0,0,0,0,1.0,0.0,0,0,0,0,181.1109,SubprocessTimeoutError: Isolated experiment call exceeded 180.0 seconds.,0,0
indego_user_14_user_16_407_1712_1_s1,reviewed_unified,layered,1,llama3.1:8b,1.0,1.0,1.0,1.0,0.5385,0.7,1.0,1.0,1.0,1.0,1.0,1.0,13,13,13,7,13,13,1.0,0.0,0,7,6,0,73.4685,,7,13
indego_user_14_user_16_407_1712_1_s1,reviewed_unified,layered,2,llama3.1:8b,1.0,1.0,1.0,1.0,0.5385,0.7,1.0,1.0,1.0,1.0,1.0,1.0,13,13,13,7,13,13,1.0,0.0,0,7,6,0,51.7912,,7,13
indego_user_14_407_0110_1_s1,reviewed_unified,layered,1,llama3.1:8b,0.4348,0.3448,0.3846,0.0,0.0,0.0,0.4348,0.3448,0.3846,0.0,0.0,0.0,29,41,23,15,23,15,1.0,0.0,0,18,0,0,178.1968,,15,12
indego_user_14_407_0110_1_s1,reviewed_unified,layered,2,llama3.1:8b,0.4348,0.3448,0.3846,0.0,0.0,0.0,0.4348,0.3448,0.3846,0.0,0.0,0.0,29,41,23,15,23,15,1.0,0.0,0,18,0,0,138.6917,,15,12
indego_user_15_412_0110_1_s1,reviewed_unified,layered,1,llama3.1:8b,0.0,0.0,0.0,0.0,0.0,0.0,0.0,0.0,0.0,0.0,0.0,0.0,41,54,0,0,0,0,1.0,0.0,0,0,0,0,181.1044,SubprocessTimeoutError: Isolated experiment call exceeded 180.0 seconds.,0,0
indego_user_15_412_0110_1_s1,reviewed_unified,layered,2,llama3.1:8b,0.0,0.0,0.0,0.0,0.0,0.0,0.0,0.0,0.0,0.0,0.0,0.0,41,54,0,0,0,0,1.0,0.0,0,0,0,0,181.1083,SubprocessTimeoutError: Isolated experiment call exceeded 180.0 seconds.,0,0
indego_user_14_user_15_411_1010_1_s1,reviewed_unified,layered,1,llama3.1:8b,0.3182,0.28,0.2979,0.0,0.0,0.0,0.3182,0.28,0.2979,0.0,0.0,0.0,25,31,22,11,22,25,1.0,0.0,0,14,13,0,166.1269,,11,25
indego_user_14_user_15_411_1010_1_s1,reviewed_unified,layered,2,llama3.1:8b,0.3182,0.28,0.2979,0.0,0.0,0.0,0.3182,0.28,0.2979,0.0,0.0,0.0,25,31,22,11,22,25,1.0,0.0,0,14,13,0,141.5086,,11,25
indego_user_2_407_2910_1_s1,reviewed_unified,layered,1,llama3.1:8b,0.0,0.0,0.0,0.0,0.0,0.0,0.0,0.0,0.0,0.0,0.0,0.0,30,42,0,0,0,0,1.0,0.0,0,0,0,0,181.1205,SubprocessTimeoutError: Isolated experiment call exceeded 180.0 seconds.,0,0
indego_user_2_407_2910_1_s1,reviewed_unified,layered,2,llama3.1:8b,0.0,0.0,0.0,0.0,0.0,0.0,0.0,0.0,0.0,0.0,0.0,0.0,30,42,0,0,0,0,1.0,0.0,0,0,0,0,181.1085,SubprocessTimeoutError: Isolated experiment call exceeded 180.0 seconds.,0,0
indego_user_14_412_02024_1_s1,reviewed_unified,layered,1,llama3.1:8b,1.0,0.9048,0.95,1.0,0.3704,0.5405,1.0,0.9048,0.95,0.96,0.8889,0.9231,21,27,19,10,19,25,1.0,0.0,0,12,11,0,107.7387,,10,27
indego_user_14_412_02024_1_s1,reviewed_unified,layered,2,llama3.1:8b,1.0,0.9048,0.95,1.0,0.3704,0.5405,1.0,0.9048,0.95,0.96,0.8889,0.9231,21,27,19,10,19,25,1.0,0.0,0,12,11,0,84.008,,10,27
indego_user_14_412_02024_2_s1,reviewed_unified,layered,1,llama3.1:8b,0.9412,0.9412,0.9412,0.9,0.4091,0.5625,0.9412,0.9412,0.9412,0.9091,0.9091,0.9091,17,22,17,10,17,22,1.0,0.0,0,11,10,0,96.5442,,10,23
indego_user_14_412_02024_2_s1,reviewed_unified,layered,2,llama3.1:8b,0.9412,0.9412,0.9412,0.9,0.4091,0.5625,0.9412,0.9412,0.9412,0.9091,0.9091,0.9091,17,22,17,10,17,22,1.0,0.0,0,11,10,0,73.4722,,10,23
indego_user_17_user_15_451_0402_1_s3,reviewed_unified,layered,1,llama3.1:8b,0.9,0.9,0.9,0.7778,0.5,0.6087,0.9,0.9,0.9,0.7778,0.5,0.6087,10,14,10,9,10,9,1.0,0.0,0,8,0,0,78.062,,9,7
indego_user_17_user_15_451_0402_1_s3,reviewed_unified,layered,2,llama3.1:8b,0.9,0.9,0.9,0.7778,0.5,0.6087,0.9,0.9,0.9,0.7778,0.5,0.6087,10,14,10,9,10,9,1.0,0.0,0,8,0,0,52.9804,,9,7
indego_user_14_411_2409_1_s1,reviewed_unified,layered,1,llama3.1:8b,0.0,0.0,0.0,0.0,0.0,0.0,0.0,0.0,0.0,0.0,0.0,0.0,34,46,0,0,0,0,1.0,0.0,0,0,0,0,181.1229,SubprocessTimeoutError: Isolated experiment call exceeded 180.0 seconds.,0,0
indego_user_14_411_2409_1_s1,reviewed_unified,layered,2,llama3.1:8b,0.0,0.0,0.0,0.0,0.0,0.0,0.0,0.0,0.0,0.0,0.0,0.0,34,46,0,0,0,0,1.0,0.0,0,0,0,0,181.1058,SubprocessTimeoutError: Isolated experiment call exceeded 180.0 seconds.,0,0
indego_user_14_414_1712_woodworking_2_s1,reviewed_unified,layered,1,llama3.1:8b,0.9545,0.9545,0.9545,0.9091,0.3846,0.5405,0.9545,0.9545,0.9545,0.9565,0.8462,0.898,22,26,22,11,22,23,1.0,0.0,0,13,12,0,127.0168,,11,25
indego_user_14_414_1712_woodworking_2_s1,reviewed_unified,layered,2,llama3.1:8b,0.9545,0.9545,0.9545,0.9091,0.3846,0.5405,0.9545,0.9545,0.9545,0.9565,0.8462,0.898,22,26,22,11,22,23,1.0,0.0,0,13,12,0,93.957,,11,25
indego_user_15_414_0702_1_s11,reviewed_unified,layered,1,llama3.1:8b,0.9231,0.8571,0.8889,0.6667,0.25,0.3636,0.9231,0.8571,0.8889,0.8,0.75,0.7742,14,16,13,6,13,15,1.0,0.0,0,8,7,0,101.9771,,6,17
indego_user_15_414_0702_1_s11,reviewed_unified,layered,2,llama3.1:8b,0.9231,0.8571,0.8889,0.6667,0.25,0.3636,0.9231,0.8571,0.8889,0.8,0.75,0.7742,14,16,13,6,13,15,1.0,0.0,0,8,7,0,62.6627,,6,17
indego_warning_A_Task_08_s1,reviewed_unified,layered,1,llama3.1:8b,1.0,1.0,1.0,0.8,0.8,0.8,1.0,1.0,1.0,0.5556,1.0,0.7143,8,5,8,5,8,9,1.0,0.0,0,4,3,0,60.9486,,5,8
indego_warning_A_Task_08_s1,reviewed_unified,layered,2,llama3.1:8b,1.0,1.0,1.0,0.8,0.8,0.8,1.0,1.0,1.0,0.5556,1.0,0.7143,8,5,8,5,8,9,1.0,0.0,0,4,3,0,41.9745,,5,8
indego_warning_A_Task_19_s1,reviewed_unified,layered,1,llama3.1:8b,1.0,1.0,1.0,0.6667,1.0,0.8,1.0,1.0,1.0,0.6667,1.0,0.8,8,6,8,9,8,9,1.0,0.0,0,6,0,0,76.7947,,9,6
indego_warning_A_Task_19_s1,reviewed_unified,layered,2,llama3.1:8b,1.0,1.0,1.0,0.6667,1.0,0.8,1.0,1.0,1.0,0.6667,1.0,0.8,8,6,8,9,8,9,1.0,0.0,0,6,0,0,57.0715,,9,6
